<?xml version="1.0" encoding="utf-8"?>
<ProjectSchemaDefinitions xmlns="clr-namespace:Microsoft.Build.Framework.XamlTypes;assembly=Microsoft.Build.Framework">
  <Rule Name="libzmq-uiextension" PageTemplate="tool" DisplayName="ZMQ Options" SwitchPrefix="/" Order="1">
    <Rule.Categories>
      <Category Name="openpgm" DisplayName="openpgm" />
      <Category Name="gssapi" DisplayName="gssapi" />
    </Rule.Categories>
    <Rule.DataSource>
      <DataSource Persistence="ProjectFile" ItemType="" />
    </Rule.DataSource>
    <EnumProperty Name="Option-openpgm" DisplayName="Enable OpenPGM" Description="Enable the OpenPGM build option" Category="openpgm">
      <EnumValue Name="" DisplayName="No" />
      <EnumValue Name="true" DisplayName="Yes" />
    </EnumProperty>
    <EnumProperty Name="Option-gssapi" DisplayName="Enable GSS API" Description="Enable GSS API build option" Category="gssapi">
      <EnumValue Name="" DisplayName="No" />
      <EnumValue Name="true" DisplayName="Yes" />
    </EnumProperty>
  </Rule>
</ProjectSchemaDefinitions>
